1;"Aleshia";"Tomkiewicz";"14 Taylor St";"St. Stephens Ward";"01835-703597";"atomkiewicz@hotmail.com"
2;"Evan";"Zigomalas";"5 Binney St";"Abbey Ward";"01937-864715";"evan.zigomalas@gmail.com"
3;"France";"Andrade";"8 Moor Place";"East Southbourne and Tuckton W";"01347-368222";"france.andrade@hotmail.com"
4;"Ulysses";"Mcwalters";"505 Exeter Rd";"Hawerby cum Beesby";"01912-771311";"ulysses@hotmail.com"
5;"Tyisha";"Veness";"5396 Forth Street";"Greets Green and Lyng Ward";"01547-429341";"tyisha.veness@hotmail.com"
6;"Eric";"Rampy";"9472 Lind St";"Desborough";"01969-886290";"erampy@rampy.co.uk"
7;"Marg";"Grasmick";"7457 Cowl St #70";"Bargate Ward";"01865-582516";"marg@hotmail.com"
8;"Laquita";"Hisaw";"20 Gloucester Pl #96";"Chirton Ward";"01746-394243";"laquita@yahoo.com"
9;"Lura";"Manzella";"929 Augustine St";"Staple Hill Ward";"01907-538509";"lura@hotmail.com"
10;"Yuette";"Klapec";"45 Bradfield St #166";"Parwich";"01903-649460";"yuette.klapec@klapec.co.uk"
11;"Fernanda";"Writer";"620 Northampton St";"Wilmington";"01630-202053";"fernanda@writer.co.uk"
12;"Charlesetta";"Erm";"5 Hygeia St";"Loundsley Green Ward";"01276-816806";"charlesetta_erm@gmail.com"
13;"Corrinne";"Jaret";"2150 Morley St";"Dee Ward";"01625-932209";"corrinne_jaret@gmail.com"
14;"Niesha";"Bruch";"24 Bolton St";"Broxburn, Uphall and Winchburg";"01874-856950";"niesha.bruch@yahoo.com"
15;"Rueben";"Gastellum";"4 Forrest St";"Weston-Super-Mare";"01976-755279";"rueben_gastellum@gastellum.co.uk"
16;"Michell";"Throssell";"89 Noon St";"Carbrooke";"01967-580851";"mthrossell@throssell.co.uk"
17;"Edgar";"Kanne";"99 Guthrie St";"New Milton";"01326-532337";"edgar.kanne@yahoo.com"
18;"Dewitt";"Julio";"7 Richmond St";"Parkham";"01253-528327";"dewitt.julio@hotmail.com"
19;"Charisse";"Spinello";"9165 Primrose St";"Darnall Ward";"01719-831436";"charisse_spinello@spinello.co.uk"
20;"Mee";"Lapinski";"9 Pengwern St";"Marldon";"01578-287816";"mee.lapinski@yahoo.com"
21;"Peter";"Gutierres";"4410 Tarlton St";"Prestatyn Community";"01842-767201";"peter_gutierres@yahoo.com"
22;"Octavio";"Salvadore";"6949 Bourne St";"Lye and Stourbridge North Ward";"01552-709248";"octavio.salvadore@yahoo.com"
23;"Martha";"Teplica";"148 Rembrandt St";"Warlingham";"01677-684257";"mteplica@teplica.co.uk"
24;"Tamesha";"Veigel";"2200 Nelson St #58";"Newport";"01217-342071";"tveigel@veigel.co.uk"
25;"Tess";"Sitra";"61 Rossett St";"Chichester";"01473-229124";"tess_sitra@hotmail.com"
26;"Leonard";"Kufner";"41 Canning St";"Steornabhagh a Deas Ward";"01230-623547";"lkufner@kufner.co.uk"
27;"Svetlana";"Tauras";"8289 Cadogan St";"South Ward";"01781-827317";"svetlana_tauras@tauras.co.uk"
28;"Pok";"Molaison";"211 Hobart St";"Newquay";"01866-248660";"pok@yahoo.com"
29;"Augustine";"Growcock";"114 Falkland St #8845";"Brimpton";"01541-802635";"augustine.growcock@growcock.co.uk"
30;"Karma";"Quarto";"1 Birkett St";"Shard End Ward";"01857-864722";"kquarto@gmail.com"
31;"Reed";"Weisinger";"5147 Blackstone St";"Letchworth South West Ward";"01243-678286";"reed_weisinger@yahoo.com"
32;"German";"Zelaya";"7 Shenstone St";"Longhill Ward";"01400-269033";"german@hotmail.com"
33;"Milly";"Savidge";"129 Alexander Pope St";"Franche Ward";"01702-725589";"milly@gmail.com"
34;"Luis";"Ear";"2 Birchfield Rd";"Whittington";"01462-648669";"luis@hotmail.com"
35;"Ciara";"Cobbley";"7523 Kempton Rd";"Cockerton West Ward";"01235-647932";"ciara_cobbley@hotmail.com"
36;"Alethea";"Mould";"6305 Elstow St";"Castle Ward";"01662-114247";"alethea@hotmail.com"
37;"Margurite";"Loperfido";"218 Greenbank Drive";"Devizes";"01407-866759";"mloperfido@gmail.com"
38;"Vernice";"Sperazza";"8921 Forge St";"Colnbrook with Poyle";"01822-563044";"vernice@yahoo.com"
39;"Vicente";"Rawicki";"3060 St Ambrose Grove #261";"Aldridge Central and South War";"01327-770774";"vicente_rawicki@hotmail.com"
40;"Craig";"Cua";"8388 Bessemer St #5";"East Putney Ward";"01483-418969";"craig@hotmail.com"
41;"Jenise";"Dulle";"87 Pownall Sq";"Sawston";"01709-854691";"jenise.dulle@hotmail.com"
42;"Marylin";"Cornelison";"39 Wye St";"Wakefield North Ward";"01609-882184";"marylin_cornelison@yahoo.com"
43;"Marget";"Gunst";"2732 Bostock St #1";"St. Enoder";"01693-310794";"mgunst@yahoo.com"
44;"Annett";"Bunselmeyer";"5562 Fairfield St #847";"Ryde";"01891-702579";"abunselmeyer@hotmail.com"
45;"Kip";"Turziano";"37 Meadow St";"Laindon Park Ward";"01850-347846";"kip.turziano@yahoo.com"
46;"Melina";"Orizabal";"3 Nevison St";"Lymington and Pennington";"01420-307327";"melina@gmail.com"
47;"Tina";"Clapham";"5662 William Moult St";"Aylesbury";"01567-296442";"tclapham@gmail.com"
48;"Luisa";"Devereux";"3 North View #35";"Burmantofts and Richmond Hill ";"01607-269930";"ldevereux@gmail.com"
49;"Pedro";"Aschoff";"135 Opie St";"Howard Town Ward";"01386-981141";"paschoff@yahoo.com"
50;"Carrol";"Kunimitsu";"1 Askew St";"Farnham";"01260-641258";"carrol_kunimitsu@yahoo.com"
51;"Alba";"Mosseri";"4 Burnall St";"Beeston West Ward";"01543-198690";"alba@gmail.com"
52;"Domonique";"Sandlin";"95 Denton St";"Wollaton West Ward";"01355-500797";"domonique@hotmail.com"
53;"Rory";"Neufville";"5 Chadwick St #7";"Llangeler Community";"01252-621329";"rory_neufville@neufville.co.uk"
54;"Dustin";"Klingaman";"67 Micawber St";"Brockley Ward";"01712-135466";"dklingaman@gmail.com"
55;"Lyndia";"Moonshower";"43 Williamson St #7995";"Meads Ward";"01469-300335";"lyndia_moonshower@moonshower.co.uk"
56;"Jules";"Hiltner";"5 Howe St";"Broxburn, Uphall and Winchburg";"01428-343825";"jules@yahoo.com"
57;"Dong";"Kopczynski";"7 Cheapside #9";"St. Ive";"01770-129032";"dkopczynski@kopczynski.co.uk"
58;"Justine";"Salta";"85 Bridgewater St";"Shard End Ward";"01689-253476";"justine_salta@yahoo.com"
59;"Chantay";"Kamens";"763 Parkfield Rd";"Norton Canes";"01823-383806";"ckamens@hotmail.com"
60;"Tequila";"Chisum";"662 Grove Park";"Bulwell Ward";"01835-634521";"tequila.chisum@chisum.co.uk"
61;"Maybelle";"Consolazio";"5410 Lawton St";"Treorchy Community";"01383-647035";"mconsolazio@yahoo.com"
62;"Margarett";"Bairo";"3 August Rd";"Maybury and Sheerwater Ward";"01670-813697";"margarett@gmail.com"
63;"Janessa";"Noonon";"476 Starkie St";"Westgate Ward";"01472-324699";"jnoonon@yahoo.com"
64;"Sol";"Cowser";"6448 Tillard St";"Conisbrough and Denaby Ward";"01412-528394";"sol@gmail.com"
65;"Louann";"Smethers";"3055 Creswick St";"Newbold and Brownsover Ward";"01670-234959";"louann@gmail.com"
66;"Lindsay";"Yadao";"7 Jolliffe St";"Middlewich";"01947-566661";"lindsay_yadao@yadao.co.uk"
67;"Malika";"Hanton";"1175 Greig St";"St. Marys Ward";"01532-497454";"malika@gmail.com"
68;"Stefany";"Ferenz";"636 Portland Place";"Gresham Ward";"01743-977277";"stefany@hotmail.com"
69;"Abraham";"Cratch";"41 Benedict St";"Aldborough Ward";"01599-245408";"acratch@gmail.com"
70;"Giuseppe";"Rohaley";"62 Margaret St";"Royal Hospital Ward";"01345-400452";"giuseppe@yahoo.com"
71;"Kiera";"Bassil";"5152 Sophia St";"Woodstock Ward";"01655-519837";"kbassil@bassil.co.uk"
72;"Wendell";"Rubano";"1 Back Canning St";"Dunblane and Bridge of Allan W";"01837-530939";"wendell_rubano@hotmail.com"
73;"Stevie";"Stifflemire";"9 Gradwell St";"Kempshott Ward";"01262-808399";"stevie_stifflemire@stifflemire.co.uk"
74;"Yun";"Paletta";"9205 Upper Hill St";"City and Hunslet Ward";"01350-332706";"yun_paletta@paletta.co.uk"
75;"Brittani";"Thurm";"9 Horatio St";"Ruckinge";"01686-306597";"bthurm@yahoo.com"
76;"Billy";"Venus";"61 Miriam St";"Abbey Road Ward";"01537-356648";"billy.venus@yahoo.com"
77;"Brynn";"Elkan";"67 Pulford St";"Prittlewell Ward";"01388-416867";"brynn@yahoo.com"
78;"Elroy";"Piehler";"821 Pembroke Place";"Kirkby Stephen";"01589-654152";"epiehler@piehler.co.uk"
79;"Anisha";"Shulick";"3 Alder St";"Eaton Park Ward";"01780-704167";"ashulick@yahoo.com"
80;"Bettina";"Kham";"80 Morecambe St";"Bishop Auckland";"01355-192668";"bettina.kham@kham.co.uk"
81;"Velda";"Mancilla";"7866 Renshaw St #283";"Falmouth";"01823-526645";"velda_mancilla@mancilla.co.uk"
82;"Marta";"Brace";"658 Lake St";"Malmesbury";"01777-469402";"marta.brace@brace.co.uk"
83;"Juan";"Vanwyhe";"5382 Redfern St";"West End Ward";"01961-642757";"juan_vanwyhe@gmail.com"
84;"Lelia";"Filion";"45 Bidder St #38";"Town Ward";"01367-136951";"lelia.filion@filion.co.uk"
85;"Una";"Frankel";"6766 Britton St #379";"Crompton Ward";"01912-749219";"ufrankel@hotmail.com"
86;"Eva";"Joulwan";"7 Lear Rd";"Stroud";"01779-720349";"eva.joulwan@gmail.com"
87;"Mammie";"Dormanen";"2577 Toxteth St #5";"Overton Ward";"01527-579687";"mammie_dormanen@hotmail.com"
88;"Jeannetta";"Coolidge";"761 Cockerell St #1";"Midway Ward";"01927-790069";"jeannetta_coolidge@gmail.com"
89;"Elbert";"Drawe";"9 Cypress St";"Washington East Ward";"01753-784273";"edrawe@drawe.co.uk"
90;"Lenny";"Gazzola";"6 Romilly St";"Walkergate Ward";"01312-233253";"lenny.gazzola@yahoo.com"
91;"Mira";"Alpheaus";"51 St Anne St #12";"Stratfield Mortimer";"01241-273991";"mira.alpheaus@yahoo.com"
92;"Cathern";"Ungar";"823 Idris St";"Selston";"01898-134749";"cathern.ungar@ungar.co.uk"
93;"Malcom";"Fleckles";"8764 Nickleby St #877";"Govan Ward";"01478-110943";"malcom.fleckles@gmail.com"
94;"Monroe";"Damato";"5344 Bengel St #5";"Millwall Ward";"01402-733903";"mdamato@damato.co.uk"
95;"Leota";"Fletchen";"8880 Great Howard St #7750";"Sefton";"01358-446391";"lfletchen@gmail.com"
96;"Berry";"Gutoski";"9 Oakleigh";"Lancing";"01448-211489";"berry@gmail.com"
97;"Meghan";"Riherd";"83 Denbigh St Bootle";"St. Gluvias";"01462-474800";"meghan@riherd.co.uk"
98;"Mike";"Torner";"30 Aughton St";"Hilton";"01240-600327";"mike_torner@torner.co.uk"
99;"Elsa";"Delisle";"260 Saxon St";"Brooklands Ward";"01537-525550";"elsa_delisle@gmail.com"
100;"Linwood";"Rosenlof";"3 Pyramid St";"Eccleston Ward";"01546-942059";"linwood.rosenlof@yahoo.com"
101;"Latosha";"Alexy";"37 Langham St #948";"St. Georges Hill Ward";"01704-508066";"latosha@yahoo.com"
102;"Alexia";"Meenan";"94 Villars St";"Launcells";"01560-328739";"alexia.meenan@meenan.co.uk"
103;"Graham";"Stanwick";"73 Hawkstone St";"Renfrew South & Gallowhill War";"01860-191930";"gstanwick@gmail.com"
104;"Elinore";"Fulda";"123 Sussex St";"Astley Bridge Ward";"01457-837447";"elinore.fulda@fulda.co.uk"
105;"Lisbeth";"Creecy";"484 Barry St";"Shiney Row Ward";"01931-620849";"lcreecy@gmail.com"
106;"Eloisa";"Faurote";"7033 Micawber St";"Bintree";"01337-695353";"eloisa.faurote@hotmail.com"
107;"Shawana";"Cantua";"33 Vipond St";"Woodhall Farm Ward";"01413-348876";"shawana@yahoo.com"
108;"Alyssa";"Ansbro";"85 Hero St";"Stanhope";"01632-887825";"alyssa_ansbro@gmail.com"
109;"Kyoko";"Mcmillian";"77 Reading St #8";"North Tawton";"01235-173362";"kyoko_mcmillian@gmail.com"
110;"Terry";"Gauthier";"274 Altcar Ave";"Catterick";"01555-550015";"tgauthier@yahoo.com"
111;"Sena";"Langenbach";"38 Avondale Rd #79";"Kilmersdon";"01756-678490";"sena.langenbach@hotmail.com"
112;"Cristen";"Nesset";"4679 Curzon St";"Central Ward";"01354-864473";"cnesset@nesset.co.uk"
113;"Lashawn";"Ker";"13 Nelson Rd";"Filwood Ward";"01676-780022";"lashawn.ker@gmail.com"
114;"Wade";"Sovel";"2546 Hunter St";"Central Buchan Ward";"01712-978062";"wade@hotmail.com"
115;"Whitney";"Tishler";"77 Mason St #650";"Smallbridge and Firgrove Ward";"01224-605237";"whitney@gmail.com"
116;"Deja";"Conatser";"94 Wakefield St";"Lavenham";"01378-234592";"deja.conatser@hotmail.com"
117;"Earnestine";"Casper";"529 Stalmine Rd #3680";"Saffron Walden";"01807-346103";"earnestine_casper@hotmail.com"
118;"Frankie";"Marruffo";"52 Morningside Rd #1";"Cilybebyll Community";"01295-678319";"fmarruffo@gmail.com"
119;"Paola";"Dease";"94 Enid St";"Birchington";"01333-642646";"pdease@gmail.com"
120;"Rodrigo";"Hawkin";"661 Great Crosshall St";"Forth Ward";"01936-611490";"rodrigo@hotmail.com"
121;"Luther";"Alsman";"227 Albert Terrace";"Belvedere Ward";"01536-639256";"luther@gmail.com"
122;"Casey";"Dondero";"464 Back Nile St #618";"Acton Central Ward";"01728-100333";"casey.dondero@hotmail.com"
123;"Ressie";"Bontemps";"42 Eastwood St";"Walton Ward";"01996-854517";"ressie_bontemps@bontemps.co.uk"
124;"Sean";"Schurman";"2877 Grain St";"Caversham Ward";"01773-139510";"sean.schurman@schurman.co.uk"
125;"Celestina";"Pince";"13 Stockdale St #779";"Abingdon on Thames";"01763-475078";"cpince@pince.co.uk"
126;"Maira";"Karas";"9 Cropper St";"Northgate Ward";"01582-839217";"maira.karas@yahoo.com"
127;"Beth";"Barbone";"3 Gaskell St";"Tynemouth Ward";"01210-926114";"bbarbone@barbone.co.uk"
128;"Wei";"Nobel";"5221 Royston St";"Eccleshall";"01912-146880";"wei_nobel@hotmail.com"
129;"Melissia";"Slotemaker";"83 St Johns Lane #43";"Linlithgow Ward";"01515-360513";"mslotemaker@gmail.com"
130;"Letha";"Akey";"603 Pall Mall";"Layton Ward";"01694-424205";"letha_akey@akey.co.uk"
131;"Isaac";"Semrad";"76 Dawber St #6";"Blackheath Westcombe Ward";"01939-738818";"isaac.semrad@semrad.co.uk"
132;"Kristine";"Klipfel";"3380 Alexander St";"Moulsham and Central Ward";"01710-435506";"kristine.klipfel@yahoo.com"
133;"Odette";"Moussette";"216 Lissant St #8";"Great Dunmow";"01712-248851";"odette_moussette@gmail.com"
134;"Hobert";"Panfilov";"92 Phythian St #614";"Gweek";"01245-353227";"hobert@gmail.com"
135;"Isadora";"Mchughes";"792 Queens Rd";"Stretford Ward";"01526-145485";"isadora.mchughes@mchughes.co.uk"
136;"Emily";"Pogorelc";"5196 York St";"Orsett Ward";"01416-913482";"emily.pogorelc@yahoo.com"
137;"Desire";"Barresi";"428 Kearsley St";"Hatton";"01819-701096";"desire@gmail.com"
138;"Rosalind";"Stamps";"8 Chestnut St";"Barrowford";"01918-999052";"rosalind.stamps@stamps.co.uk"
139;"Vernell";"Connley";"998 Roe St #6";"Bellingham";"01954-363885";"vernell@hotmail.com"
140;"Micheline";"Mathieson";"3 Copenhagen Rd";"George St";"01857-518738";"micheline.mathieson@yahoo.com"
141;"Nathan";"Outhouse";"293 Vivian St";"South Jesmond Ward";"01555-702650";"nathan.outhouse@gmail.com"
142;"Allene";"Burau";"8 Barlow St #6";"Barlow";"01731-825958";"allene.burau@hotmail.com"
143;"Julie";"Sakshaug";"5 Shakspeare St #66";"St. Johns Ward";"01225-180983";"julie@gmail.com"
144;"Francisca";"Shuhi";"7 Carolina St";"Bodmin";"01345-878334";"fshuhi@shuhi.co.uk"
145;"Marisha";"Wilcoxon";"52 Trowbridge St";"Knightsbridge and Belgravia Wa";"01257-461104";"marisha.wilcoxon@gmail.com"
146;"Telma";"Maraia";"25 Village St";"Elgin City South Ward";"01500-649863";"telma@maraia.co.uk"
147;"Luke";"Crete";"4 Peach St #5112";"Halstead";"01375-820236";"luke.crete@crete.co.uk"
148;"Hubert";"Mias";"3614 Old Hall St #604";"Fawley";"01408-965643";"hubert.mias@gmail.com"
149;"Janella";"Altobell";"3768 Hey Green Rd";"Hartshill";"01746-505364";"jaltobell@hotmail.com"
150;"Angelo";"Lavista";"97 Newlands St";"Kensington and Fairfield Ward";"01544-247601";"angelo.lavista@gmail.com"
151;"Tran";"Mandiola";"6226 Maitland St";"West Bromwich Central Ward";"01609-235350";"tran.mandiola@hotmail.com"
152;"Reynalda";"Vanhooser";"891 Crocus St";"Rowley Ward";"01951-872658";"reynalda@vanhooser.co.uk"
153;"Salley";"Rieger";"1 Segrave St";"Sutton Trinity Ward";"01858-162078";"salley.rieger@gmail.com"
154;"Cheryll";"Yurich";"666 Moor Place";"Shepway South Ward";"01780-380120";"cheryll_yurich@yurich.co.uk"
155;"Crista";"Viengxay";"1554 Christopher St";"Everton Ward";"01976-784016";"crista@yahoo.com"
156;"Lino";"Sutulovich";"55 Margaret Rd";"Heaton Ward";"01316-590173";"lino.sutulovich@gmail.com"
157;"Galen";"Wendorf";"8830 Antonio St";"Gillingham North Ward";"01220-653456";"galen.wendorf@wendorf.co.uk"
158;"Gilbert";"Langarica";"82 Sinclair St";"Bangor Community";"01455-565046";"gilbert.langarica@gmail.com"
159;"Whitney";"Goossen";"7568 Atlas St";"Butterwick";"01255-383731";"whitney.goossen@hotmail.com"
160;"Socorro";"Abrahams";"93 Clyde Rd #9";"Deepdale Ward";"01311-567052";"socorro_abrahams@abrahams.co.uk"
161;"Mauricio";"Flam";"18 Nimrod St";"Walney North Ward";"01640-813748";"mflam@gmail.com"
162;"Phillip";"Aloi";"6 Cannock St";"Scarcroft";"01490-898175";"paloi@hotmail.com"
163;"Gilberto";"Erixon";"2258 Benedict St";"Penryn";"01582-161403";"gerixon@gmail.com"
164;"Thad";"Puskarich";"9302 Ismay St #6";"Tenterden";"01506-152661";"thad_puskarich@puskarich.co.uk"
165;"Bambi";"Favaron";"3347 Lawrence Rd #456";"Haverstock Ward";"01676-354943";"bambi.favaron@yahoo.com"
166;"Marshall";"Kozikowski";"47 Elwy St";"Kilpatrick Ward";"01913-454226";"marshall@hotmail.com"
167;"Chery";"Wiederin";"553 Picton Rd";"Astley Mosley Common Ward";"01274-659801";"cwiederin@yahoo.com"
168;"Eileen";"Montecalvo";"9986 Cantsfield St";"St. Peters Ward";"01904-227024";"eileen@yahoo.com"
169;"Melita";"Szpak";"1 Sussex St";"Cyfarthfa Community";"01431-484822";"melita.szpak@szpak.co.uk"
170;"Ashley";"Jessie";"9548 Ogwen St #84";"Baguley Ward";"01740-739731";"ashley_jessie@jessie.co.uk"
171;"Laila";"Fend";"57 St Georges Hill";"Crawcrook and Greenside Ward";"01550-206220";"lfend@gmail.com"
172;"Bobbie";"Guillereault";"385 Upper Hampton St #39";"Southey Ward";"01496-781616";"bguillereault@gmail.com"
173;"Dana";"Paluszynski";"6378 Lyell St #48";"Trossachs and Teith Ward";"01847-224345";"dpaluszynski@paluszynski.co.uk"
174;"Freida";"Newyear";"675 Falstaff St #170";"Chapel-en-le-Frith";"01773-691786";"freida_newyear@yahoo.com"
175;"Val";"Cellucci";"87 Pelops St";"Kings Norton Ward";"01387-155607";"vcellucci@yahoo.com"
176;"Horace";"Knapp";"5 Eyes St";"Mid and Upper Nithsdale Ward";"01924-556297";"horace.knapp@yahoo.com"
177;"Joana";"Reinecke";"2427 Olney St #7";"Amersham";"01320-402522";"jreinecke@reinecke.co.uk"
178;"Tiara";"Schlichter";"805 Westbank Rd";"North Heywood Ward";"01270-562265";"tiara_schlichter@schlichter.co.uk"
179;"Dacia";"Swaisgood";"36 Cranmer St #4697";"Little Hereford";"01984-926059";"dacia.swaisgood@swaisgood.co.uk"
180;"Myong";"Babineaux";"2 Kirkdale Rd";"Canning Town North Ward";"01897-419567";"mbabineaux@babineaux.co.uk"
181;"Gene";"Bleile";"4687 Atherton St";"Springfield Ward";"01257-354396";"gene_bleile@bleile.co.uk"
182;"Kanisha";"Difiora";"513 Bailey St";"Bontnewydd Community";"01770-697837";"kanisha@gmail.com"
183;"Ayesha";"Moeder";"620 Old Leeds St";"Sheviock";"01284-871485";"ayesha@gmail.com"
184;"Lanie";"Smalarz";"5149 Maria Rd";"Peterlee";"01218-415062";"lanie.smalarz@yahoo.com"
185;"Jaleesa";"Polintan";"8 Taylor St";"Shrub End Ward";"01507-519053";"jpolintan@polintan.co.uk"
186;"Tamekia";"Flotow";"588 Venmore St";"Twickenham Riverside Ward";"01794-317624";"tamekia.flotow@hotmail.com"
187;"Ula";"Otey";"1 Newby St";"Coleshill";"01291-565542";"ula@hotmail.com"
188;"Rosendo";"Ratel";"5588 Lake St #903";"Crystal Palace Ward";"01404-343160";"rratel@yahoo.com"
189;"Timmy";"Lintner";"9112 Hardwick St";"Bowes";"01651-232745";"tlintner@hotmail.com"
190;"Zita";"Speltz";"2395 Gloucester Pl";"Halliwell Ward";"01368-497445";"zita_speltz@yahoo.com"
191;"Aleisha";"Lemm";"341 Birchfield St";"Wareham St. Martin";"01341-997268";"aleisha.lemm@gmail.com"
192;"Naomi";"Lavezzo";"9854 Ranelagh Place";"Finedon";"01469-888112";"naomi.lavezzo@yahoo.com"
193;"Aretha";"Bowling";"8 Nova Scotia";"Caerphilly Community";"01816-462521";"aretha@hotmail.com"
194;"Mila";"Figuera";"72 Lime Place";"Old Newton with Dagworth";"01300-650262";"mila_figuera@yahoo.com"
195;"Orville";"Zuehl";"907 Denman St";"Crowle and Ealand";"01998-694754";"orville_zuehl@zuehl.co.uk"
196;"Gabriele";"Geschke";"5 Garfield St #9";"Milton Regis Ward";"01404-425588";"gabriele@geschke.co.uk"
197;"Kara";"Jaquish";"345 Feltwell Rd";"St. Michaels and Wicksteed War";"01691-316298";"kara@yahoo.com"
198;"Kenny";"Lin";"1 Towson St";"Howe of Fife and Tay Coast War";"01753-900033";"kenny@lin.co.uk"
199;"Vashti";"Sugai";"4 Candia St #6";"Shipston on Stour";"01311-723137";"vashti@gmail.com"
200;"Jordan";"Handsaker";"2 Cherry Lane";"Strood South Ward";"01793-443665";"jordan_handsaker@gmail.com"
201;"Carisa";"Degenhardt";"7 Britannia Ave #875";"Newton-with-Clifton";"01911-775929";"carisa.degenhardt@degenhardt.co.uk"
202;"Audrie";"Danaher";"63 Brunswick Sq";"Llanelli Rural Community";"01344-670413";"adanaher@yahoo.com"
203;"Shaunna";"Rodamis";"5 Gainsborough Rd";"Newington Ward";"01658-509610";"shaunna.rodamis@yahoo.com"
204;"Coleen";"Langer";"745 Goodall St #9309";"Much Wenlock";"01956-525612";"coleen.langer@hotmail.com"
205;"Katie";"Choinski";"1267 Alderson Rd";"Churchdown";"01606-772920";"katie@choinski.co.uk"
206;"Dannie";"Brau";"2 Gay St #3702";"Werrington South Ward";"01675-779811";"dbrau@brau.co.uk"
207;"Ashanti";"Donn";"3409 Benns Gardens";"Hollington Ward";"01352-599278";"adonn@yahoo.com"
208;"Madalyn";"Dubberly";"1 Lower Burlington St";"Northfleet South Ward";"01974-720949";"madalyn.dubberly@gmail.com"
209;"Santos";"Signore";"4706 Chapel Place #5993";"Steyning";"01614-431131";"santos@gmail.com"
210;"Alyce";"Flamino";"4 Mather St";"Holbrook Ward";"01361-927368";"alyce@yahoo.com"
211;"Pearly";"Ero";"9960 Gilroy Rd";"Woodhouse Ward";"01329-374051";"pero@hotmail.com"
212;"Cherrie";"Nitschke";"3 Burnall St";"Keighley";"01373-498883";"cherrie_nitschke@yahoo.com"
213;"Maia";"Shadd";"8 Bigham Rd";"Deal";"01950-708083";"maia_shadd@gmail.com"
214;"Edwin";"Logghe";"950 Gordon St";"Heanor and Loscoe";"01366-667615";"edwin_logghe@hotmail.com"
215;"Leigha";"Semenza";"784 Juno St #7653";"North Horsham";"01406-216625";"lsemenza@yahoo.com"
216;"Walker";"Seeger";"69 Chantrey St #90";"Hickling";"01245-616596";"walker.seeger@yahoo.com"
217;"Nakita";"Rodrigues";"4 Northbrook St #600";"Edmonton Green Ward";"01679-150583";"nakita_rodrigues@gmail.com"
218;"Kattie";"Ozane";"526 Liffey St #759";"Westbury";"01322-491007";"kozane@gmail.com"
219;"Lamar";"Suite";"6301 Dorset Rd";"Harefield Ward";"01716-613102";"lsuite@yahoo.com"
220;"Juliana";"Uken";"4 Summer Seat Bootle";"Moulsecoomb and Bevendean Ward";"01962-844141";"juliana.uken@yahoo.com"
221;"Chan";"Loftin";"84 Walton Village";"Horfield Ward";"01507-583669";"chan@gmail.com"
222;"Delpha";"Detamore";"8 Tagus St #9814";"Cleator Moor";"01322-480025";"delpha.detamore@yahoo.com"
223;"Floyd";"Tivis";"770 Jamaica St";"Penmaenmawr Community";"01882-970809";"floyd_tivis@hotmail.com"
224;"Chantell";"Besong";"11 Tetlow St";"Parsons Green and Walham Ward";"01607-329400";"chantell_besong@gmail.com"
225;"Martin";"Fonua";"7642 Ledward St";"Cressington Ward";"01919-185409";"mfonua@yahoo.com"
226;"Hyun";"Erdman";"1432 Rutland Ave";"Uckfield";"01594-744010";"hyun@gmail.com"
227;"Nada";"Arey";"22 Harewood St #95";"Acton Trussell and Bednall";"01576-627827";"nada@hotmail.com"
228;"Elizabeth";"Pata";"645 Lister Drive";"Denwick";"01634-662999";"elizabeth@gmail.com"
229;"Dominic";"Washmuth";"8977 Old Leeds St #87";"Beaminster";"01725-615270";"dwashmuth@hotmail.com"
230;"Alise";"Packebush";"22 Delamore St";"Hereford";"01266-695304";"alise.packebush@gmail.com"
231;"Flo";"Bardsley";"35 Walton Lane";"Loughborough Ashby Ward";"01983-847833";"flo.bardsley@hotmail.com"
232;"Bonita";"Sandblom";"22 Kilshaw St";"Wimbledon Park Ward";"01989-617161";"bsandblom@gmail.com"
233;"Royal";"Rush";"1 Argyle St";"Hyde Werneth Ward";"01934-427282";"royal.rush@yahoo.com"
234;"Erasmo";"Talentino";"3 Garden Lane";"Darton West Ward";"01492-454455";"erasmo.talentino@hotmail.com"
235;"Mari";"Smeby";"4309 Chisenhale St";"Rock";"01423-202676";"msmeby@gmail.com"
236;"Eleonora";"Ventry";"758 Woodhouse St";"Soho Ward";"01966-685595";"eleonora@gmail.com"
237;"Therese";"Shiraki";"18 Ouse St";"Oakridge and Castlefield Ward";"01611-691262";"tshiraki@gmail.com"
238;"Rodolfo";"Scavuzzo";"5 Ruskin St";"Irvine East Ward";"01576-536794";"rodolfo_scavuzzo@yahoo.com"
239;"Cruz";"Fanelli";"4565 Blackstock St";"Springfields and Trent Vale Wa";"01710-616480";"cruz@hotmail.com"
240;"Arlyne";"Dellinger";"8361 Cottenham St";"Fawley";"01907-958462";"arlyne.dellinger@yahoo.com"
241;"Edward";"Strejan";"1267 Audley St";"Ise Lodge Ward";"01242-422459";"edward_strejan@gmail.com"
242;"Christoper";"Sheneman";"845 Atherton St";"Tatsfield";"01455-958797";"christoper@gmail.com"
243;"Melda";"Colamarino";"150 Margaret Rd";"Kings Hill";"01879-572287";"melda.colamarino@colamarino.co.uk"
244;"Margot";"Peay";"9923 Dinorben St #4838";"Childs Hill Ward";"01925-895879";"margot.peay@yahoo.com"
245;"Gerald";"Drozdenko";"186 Craven St #68";"Little Ness";"01593-647422";"gdrozdenko@yahoo.com"
246;"Tomoko";"Renno";"5160 High St #38";"Goldsmid Ward";"01731-573285";"tomoko@renno.co.uk"
247;"Mendy";"Wassmann";"3833 Sidney Rd";"Cherryfield Ward";"01378-845450";"mendy.wassmann@wassmann.co.uk"
248;"Daryl";"Hilcher";"6267 Greenland St";"Wakefield East Ward";"01391-238570";"dhilcher@hotmail.com"
249;"Ty";"Feeback";"14 Landseer Rd";"Nith Ward";"01964-503521";"tfeeback@gmail.com"
250;"King";"Vanacore";"30 Seville St";"Meads Ward";"01908-714833";"king_vanacore@yahoo.com"
251;"Isidra";"Varnado";"79 Chelmsford St";"Holywell Community";"01600-982590";"ivarnado@varnado.co.uk"
252;"Tonja";"Driesenga";"8 South John St";"Lamport";"01683-204727";"tdriesenga@driesenga.co.uk"
253;"Shaquana";"Featherston";"50 Townsend St";"Chadderton Central Ward";"01641-726098";"shaquana@hotmail.com"
254;"Gilberto";"Feagins";"7643 Campbell St";"Penge and Cator Ward";"01304-758732";"gfeagins@gmail.com"
255;"Rex";"Faehnle";"371 Oakleigh";"Warminster";"01955-496773";"rfaehnle@faehnle.co.uk"
256;"Adolph";"Cunningham";"9874 Oakfield Rd";"Redhill Ward";"01731-429712";"adolph_cunningham@hotmail.com"
257;"Queen";"Leader";"6 Princes St";"East Kilbride West Ward";"01567-846944";"queen_leader@gmail.com"
258;"Rebbecca";"Rufenacht";"4190 Seacombe St";"Tiffield";"01583-168158";"rrufenacht@yahoo.com"
259;"Ardella";"Goldrup";"3145 Rhyl St";"Londesborough";"01813-786468";"ardella.goldrup@goldrup.co.uk"
260;"Dallas";"Miyashiro";"4919 Lime Grove";"Whitchurch Urban";"01356-551432";"dallas_miyashiro@miyashiro.co.uk"
261;"Vivan";"Jenious";"8 Carolina St";"Northgate Ward";"01907-573672";"vjenious@yahoo.com"
262;"Han";"Dzledzic";"1592 Price St";"Ponteland";"01532-163009";"han_dzledzic@hotmail.com"
263;"Emilio";"Guitierrez";"2 Weller St";"Appleton Wiske";"01845-679016";"emilio_guitierrez@guitierrez.co.uk"
264;"Latia";"Cos";"18 Thomas St";"Barnham";"01695-303367";"lcos@yahoo.com"
265;"Lilli";"Cureau";"42 Hey Green Rd";"Deepdale Ward";"01752-399931";"lilli@yahoo.com"
266;"Maryanne";"Siske";"256 Vesuvius St #159";"Stutton with Hazlewood";"01455-447890";"maryanne@hotmail.com"
267;"Eliz";"Strimple";"82 Denison St #2642";"Holyrood Ward";"01699-467608";"eliz@gmail.com"
268;"Laura";"Gumaer";"1779 Bird St";"East Sheen Ward";"01821-208235";"laura_gumaer@gmail.com"
269;"Leanora";"Respicio";"99 College St South #1";"Byker Ward";"01564-503370";"lrespicio@respicio.co.uk"
270;"Sherell";"Pomarico";"29 Greenleaf St";"Llangristiolus Community";"01523-372834";"spomarico@hotmail.com"
271;"Charlie";"Isita";"39 Hooton Place";"Neilston, Uplawmoor and Newton";"01295-844061";"charlie@isita.co.uk"
272;"Veronique";"Nuckolls";"198 Ranelagh Place";"Central Buchan Ward";"01632-762032";"vnuckolls@gmail.com"
273;"Antonio";"Villamarin";"353 Standish St #8264";"Little Parndon and Hare Street";"01559-403415";"antonio.villamarin@gmail.com"
274;"Louvenia";"Kincannon";"87 Eldon Place";"Read";"01315-409372";"lkincannon@kincannon.co.uk"
275;"Roxanne";"Hedegore";"592 Catharine St";"Blantyre Ward";"01317-299836";"roxanne_hedegore@gmail.com"
276;"Eve";"Hoffstot";"1661 Arrow St";"Kirk Hammerton";"01746-129962";"eve.hoffstot@yahoo.com"
277;"Kenda";"Koza";"7 Netley St";"Custom House Ward";"01840-188852";"kkoza@koza.co.uk"
278;"Elden";"Mercik";"7 St Edmonds Rd";"Nonington";"01539-784239";"elden_mercik@mercik.co.uk"
279;"Kami";"Ferre";"6996 Wrenbury St";"Foleshill Ward";"01775-876516";"kami@yahoo.com"
280;"Selene";"Zeng";"2 Prince Rupert St";"West Wickham Ward";"01741-833047";"selene@yahoo.com"
281;"Deangelo";"Rardon";"9970 Clyde Rd";"Woodham Ward";"01748-535438";"deangelo_rardon@yahoo.com"
282;"Olen";"Ailey";"9 Fielding St";"Wombourne";"01654-865551";"olen@gmail.com"
283;"Lanie";"Smarsh";"555 Ludlow St";"Trowbridge";"01973-841918";"lanie@yahoo.com"
284;"Lynna";"Breheny";"1 James St #4";"St. Andrews Ward";"01914-909214";"lynna@yahoo.com"
285;"Jody";"Klitzing";"3 Byng St #524";"Pinhoe Ward";"01822-390245";"jody_klitzing@hotmail.com"
286;"Antonio";"Glasford";"425 Howley St";"Gaer Community";"01463-409090";"antonio_glasford@glasford.co.uk"
287;"Merilyn";"Scurci";"4041 Virgil St";"Headley";"01770-233355";"merilyn_scurci@hotmail.com"
288;"Elliott";"Kins";"32 High Park St #44";"St. Margarets with St. Nichola";"01727-926540";"elliott@gmail.com"
289;"Leonie";"Devereux";"88 Vernon St";"Dunbar and East Linton Ward";"01515-840778";"leonie_devereux@gmail.com"
290;"Eulah";"Syrop";"62 Euston St";"Bunhill Ward";"01666-133305";"eulah@syrop.co.uk"
291;"Marsha";"Tarry";"74 Medlock St";"Chorlton Park Ward";"01203-684728";"marsha.tarry@yahoo.com"
292;"Mignon";"Luger";"80 Talbot St";"Edgeley and Cheadle Heath Ward";"01934-252795";"mignon@gmail.com"
293;"Tu";"Rivet";"31 Buckingham Ave #3785";"Cotham Ward";"01578-744350";"tu_rivet@gmail.com"
294;"Adelle";"Schantini";"162 Grayson St";"Greenlands Ward";"01624-595660";"adelle_schantini@yahoo.com"
295;"Douglass";"Fonnesbeck";"5 Webb St #8";"Boothen and Oak Hill Ward";"01305-958705";"douglass@fonnesbeck.co.uk"
296;"Evette";"Mazierski";"8092 Firdale Rd";"Stoneygate Ward";"01277-740331";"emazierski@mazierski.co.uk"
297;"Geraldo";"Okoren";"68 Carno St";"City and Hunslet Ward";"01374-376226";"gokoren@okoren.co.uk"
298;"Clarinda";"Pelayo";"714 Moored St";"Trelawnyd and Gwaenysgor Commu";"01902-887021";"cpelayo@pelayo.co.uk"
299;"Reuben";"Mccorrison";"545 North John St";"Cobham and Downside Ward";"01337-407282";"reuben.mccorrison@hotmail.com"
300;"Yen";"Groody";"21 Pilgrim St";"Leighton-Linslade";"01882-911812";"ygroody@groody.co.uk"
301;"Tanja";"Milne";"9772 Teilo St";"Hetton";"01584-615989";"tanja.milne@yahoo.com"
302;"Jerlene";"Holtgrewe";"33 Fonthill Rd";"Hodge Hill Ward";"01993-956208";"jholtgrewe@yahoo.com"
303;"Almeta";"Keehner";"3 Ivyleigh";"Loundsley Green Ward";"01291-250423";"akeehner@hotmail.com"
304;"Wilda";"Brigham";"501 Sandon Terrace #200";"Little Clacton";"01950-109108";"wilda@brigham.co.uk"
305;"Remedios";"Arlinghaus";"9 Duckenfield St";"Aldbrough";"01536-498792";"remedios.arlinghaus@gmail.com"
306;"Margret";"Alcazar";"5466 Sedley St";"Coatbridge South Ward";"01626-590776";"margret@alcazar.co.uk"
307;"Denny";"Casalenda";"75 Brewster St #453";"Redlands Ward";"01349-134533";"dcasalenda@gmail.com"
308;"Carolynn";"Atkison";"7901 Beech St";"St. Helier Ward";"01815-665993";"carolynn.atkison@hotmail.com"
309;"Amina";"Goulbourne";"684 Cotswold St";"Victoria Ward";"01536-114519";"amina@yahoo.com"
310;"Janna";"Przybyl";"5 April Rd #13";"Wheatley Ward";"01684-628072";"jprzybyl@przybyl.co.uk"
311;"Emiko";"Sayre";"8 Village St";"Windlesham";"01660-135336";"emiko.sayre@yahoo.com"
312;"In";"Muns";"7 Haddock St #34";"Saint Annes on the Sea";"01574-363346";"in_muns@muns.co.uk"
313;"Eleni";"Vanscoik";"9 Mather St";"Sutton Vesey Ward";"01208-373467";"eleni_vanscoik@gmail.com"
314;"Kandis";"Alsbury";"70 Rose Vale";"Reydon";"01797-837270";"kalsbury@hotmail.com"
315;"Kina";"Saltman";"29 Oregon St";"Ruddington";"01515-506025";"kina_saltman@gmail.com"
316;"Jacki";"Sterback";"15 East Albert Rd";"Kingston Bagpuize with Southmo";"01820-396117";"jacki.sterback@gmail.com"
317;"Fallon";"Kerfoot";"3186 Naylor St";"Manor Castle Ward";"01538-649750";"fallon.kerfoot@gmail.com"
318;"Precious";"Brabble";"9 Herbert St #77";"Shenley";"01687-288043";"precious_brabble@brabble.co.uk"
319;"Glory";"Ona";"9830 Croxteth Rd";"Pontefract North Ward";"01469-868357";"glory_ona@gmail.com"
320;"Tamesha";"Tyburski";"1054 Gladys St";"Bellshill Ward";"01954-979729";"tamesha.tyburski@gmail.com"
321;"Brande";"Cutlip";"921 Douro St #1520";"Rhoose Community";"01947-472569";"bcutlip@yahoo.com"
322;"Olene";"Skubis";"180 Frodsham St";"Grovehill Ward";"01250-453315";"olene_skubis@yahoo.com"
323;"Carey";"Marchetta";"7217 Edge Grove";"Sharston Ward";"01750-379103";"cmarchetta@hotmail.com"
324;"Launa";"Torez";"12 Gelling St";"Trossachs and Teith Ward";"01670-547878";"launa.torez@yahoo.com"
325;"Dominga";"Whitrock";"763 Roscoe St";"Lobley Hill and Bensham Ward";"01341-700830";"dominga@whitrock.co.uk"
326;"Dwight";"Belyea";"419 St Andrew St";"Tibberton";"01822-404490";"dbelyea@belyea.co.uk"
327;"Cornell";"Mccrossin";"623 Cornhill";"Stretton";"01608-748971";"cornell.mccrossin@mccrossin.co.uk"
328;"Alverta";"Topete";"328 Havelock St #61";"Addlestone Bourneside Ward";"01685-141932";"alverta.topete@gmail.com"
329;"Felicia";"Claybrooks";"1056 College St South";"Chester-le-Street North and Ea";"01722-395799";"felicia@claybrooks.co.uk"
330;"Carmen";"Gillham";"11 Denison St #7";"Orford Ward";"01692-491267";"carmen@hotmail.com"
331;"Ashlee";"Beyl";"30 Daulby St";"Brympton";"01832-837946";"ashlee.beyl@hotmail.com"
332;"Vannessa";"Land";"201 Bran St";"Ashford Common Ward";"01206-207771";"vannessa.land@yahoo.com"
333;"Patti";"Rempel";"1346 Vandyke St";"Hove Park Ward";"01539-157435";"patti@rempel.co.uk"
334;"German";"Meyerhoff";"883 Howe St";"Clayton-le-Moors Ward";"01790-887225";"german@meyerhoff.co.uk"
335;"Anika";"Marse";"231 Wordsworth St";"Harrow Weald Ward";"01942-654793";"anika@marse.co.uk"
336;"Cristina";"Marola";"2449 Amberly St #6364";"Temple Newsam Ward";"01264-145506";"cmarola@gmail.com"
337;"Lemuel";"Allis";"8430 Shadwell St";"Great Barr with Yew Tree Ward";"01580-252868";"lemuel_allis@yahoo.com"
338;"Joaquin";"Hysom";"115 Lister Rd";"Barnfield Ward";"01616-548910";"jhysom@gmail.com"
339;"Kerrie";"Makuch";"7855 Sir Thomas St #7499";"Calstock";"01854-749084";"kmakuch@gmail.com"
340;"Alaine";"Raterman";"1 Milton St";"Little Missenden";"01927-151413";"alaine@hotmail.com"
341;"Shannon";"Kobayashi";"1111 Nesfield St";"Tonge with the Haulgh Ward";"01620-435994";"shannon@yahoo.com"
342;"Corinne";"Holman";"1831 Richards St #8";"Berkhamsted";"01933-753592";"corinne@holman.co.uk"
343;"Heidy";"Hallford";"8054 Low Hill";"Prestbury";"01958-748582";"hhallford@hotmail.com"
344;"Marylyn";"Shonerd";"7252 Dansie St";"East Finchley Ward";"01721-694690";"marylyn_shonerd@yahoo.com"
345;"Maryln";"Mortenson";"76 Paulton St";"Lancaster Gate Ward";"01618-628525";"maryln@gmail.com"
346;"Pearlie";"Flori";"4 Cochrane St";"Iwade";"01235-935599";"pearlie_flori@gmail.com"
347;"Nina";"Yaklin";"5679 Gloucester Pl";"Calton Ward";"01434-621318";"nyaklin@hotmail.com"
348;"Vivienne";"Torrain";"45 Ledward St";"Wilsden";"01782-100832";"vivienne@hotmail.com"
349;"Jacob";"Kippel";"4 Monmouth Rd";"Llwyn-y-Pia Community";"01550-463222";"jacob.kippel@yahoo.com"
350;"Tula";"Nahmias";"64 Croyland St";"Clackmannanshire South Ward";"01846-815511";"tnahmias@nahmias.co.uk"
351;"Berry";"Scandalis";"4 Vivian St";"Corporation Park Ward";"01379-603039";"berry.scandalis@gmail.com"
352;"Kaycee";"Carsten";"35 Dublin St";"Cirencester";"01270-893129";"kaycee.carsten@gmail.com"
353;"Melvin";"Setter";"87 Pickup St";"Franche Ward";"01401-151569";"melvin_setter@setter.co.uk"
354;"Brianne";"Matsumura";"7 Cottenham St";"Mossend and Holytown Ward";"01519-417660";"brianne@matsumura.co.uk"
355;"Eugene";"Pelzer";"622 Holmes St";"Heath Town Ward";"01839-920108";"eugene_pelzer@gmail.com"
356;"Margery";"Rohrs";"40 Peters Lane";"Long Preston";"01634-340524";"margery@hotmail.com"
357;"Noel";"Sarra";"2 Cockburn St";"Seaham";"01868-736780";"nsarra@gmail.com"
358;"Beula";"Lingo";"65 Oban Rd";"St. Austell";"01322-144392";"beula_lingo@yahoo.com"
359;"Sheridan";"Mckenize";"31 Davy St";"Aveton Gifford";"01512-765064";"sheridan.mckenize@hotmail.com"
360;"Dino";"Meinert";"80 Ellerslie Rd";"Trotton with Chithurst";"01802-634391";"dino.meinert@yahoo.com"
361;"Rebbeca";"Rubinstein";"4 Sherwood St";"Speke-Garston Ward";"01708-724957";"rebbeca_rubinstein@hotmail.com"
362;"Celia";"Reisling";"8362 Whithorn St";"Leatherhead South Ward";"01309-159593";"celia.reisling@hotmail.com"
363;"Stefania";"Weatherwax";"25 Dale St #2";"Kirkintilloch East and Twechar";"01698-705920";"sweatherwax@yahoo.com"
364;"Leah";"Luchterhand";"68 Scotland Place";"Loughborough Hastings Ward";"01777-851028";"leah@hotmail.com"
365;"Billy";"Selma";"338 Alfonso Rd";"Alphington Ward";"01270-345115";"billy.selma@yahoo.com"
366;"Doug";"Lucore";"65 Rankin St";"Woodford cum Membris";"01943-467489";"dlucore@yahoo.com"
367;"Veronica";"Mcclodden";"8 Cookson St";"Temple Newsam Ward";"01456-906658";"veronica@hotmail.com"
368;"Laquanda";"Kho";"7 Lockhart St";"Billesley Ward";"01725-370369";"laquanda.kho@yahoo.com"
369;"Mohammad";"Poitra";"363 Vandries St";"Milton Ward";"01705-240007";"mpoitra@yahoo.com"
370;"Mozell";"Westad";"8 Gertrude St";"Mossley";"01348-989703";"mozell.westad@westad.co.uk"
371;"Bronwyn";"Bridgford";"826 Rumney Rd West #7";"Dingwall and Seaforth Ward";"01407-312329";"bronwyn.bridgford@yahoo.com"
372;"Jeff";"Brossoit";"954 Madelaine St";"Central Ward";"01593-501965";"jeff.brossoit@yahoo.com"
373;"Shantay";"Hopman";"7602 Brook St #86";"Broomhill Ward";"01516-850881";"shopman@hopman.co.uk"
374;"Chantay";"Jirsa";"966 Bower St";"Frimley Green Ward";"01721-910475";"chantay_jirsa@jirsa.co.uk"
375;"Keneth";"Stpierrie";"2 Seacombe St";"Littleborough Lakeside Ward";"01919-731224";"keneth_stpierrie@hotmail.com"
376;"Alton";"Rampy";"83 Battenburg St";"Girvan and South Carrick Ward";"01767-568989";"alton_rampy@gmail.com"
377;"Patrick";"Teisberg";"2 Whitefield Rd";"Leigh-on-Sea";"01842-131065";"patrick@hotmail.com"
378;"Theron";"Merriam";"869 Luke St";"Wonersh";"01655-809574";"theron@merriam.co.uk"
379;"Pilar";"Seelig";"4 Ogwen St";"Chichester";"01356-866584";"pilar@yahoo.com"
380;"Lashunda";"Argiro";"205 Forge St #4021";"Stainburn";"01422-728149";"lashunda@yahoo.com"
381;"Verda";"Chiphe";"999 Upper Harrington St #61";"Earlestown Ward";"01754-426672";"vchiphe@chiphe.co.uk"
382;"Ashley";"Tropp";"3 Greenleaf St #5644";"Blyth";"01951-324927";"ashley.tropp@gmail.com"
383;"Vesta";"Havely";"493 Wellington Rd";"Upper Rawcliffe-with-Tarnacre";"01772-461124";"vhavely@havely.co.uk"
384;"Emogene";"Ritthaler";"1257 Stone St";"Northwood Ward";"01681-212638";"emogene.ritthaler@yahoo.com"
385;"Shayne";"Mordhorst";"1 Bousfield St";"Shrewsbury";"01286-279043";"smordhorst@mordhorst.co.uk"
386;"Franchesca";"Charry";"59 Westminster Rd";"Empress Ward";"01748-827176";"franchesca@gmail.com"
387;"Elmira";"Ringlein";"143 Clark St #802";"Halliwell Ward";"01934-672498";"eringlein@gmail.com"
388;"Destiny";"Madlem";"421 Monument Place #44";"Hartburn Ward";"01421-624966";"destiny@yahoo.com"
389;"Gaston";"Szumski";"8 Gullett St";"West Garioch Ward";"01651-911453";"gaston.szumski@hotmail.com"
390;"Ronna";"Mittler";"2767 Pembroke St #979";"Roundway";"01214-651738";"ronna_mittler@hotmail.com"
391;"Angelica";"Poisso";"47 Orry St #8243";"Castleford Central and Glassho";"01472-449327";"apoisso@gmail.com"
392;"Casie";"Arzilli";"5 Noon St";"Melton Dorian Ward";"01289-195823";"casie@gmail.com"
393;"Magdalene";"Cocherell";"510 Belvidere Rd";"Patching Hall Ward";"01546-162965";"magdalene_cocherell@yahoo.com"
394;"Erasmo";"Gath";"860 Rokeby St";"Sunningdale";"01445-796544";"egath@hotmail.com"
395;"Rosalia";"Ziv";"9362 Solomon St #97";"Castle Ward";"01414-349699";"rosalia.ziv@ziv.co.uk"
396;"Lyda";"Cronholm";"916 Strand St #4753";"Leek";"01672-538356";"lyda.cronholm@cronholm.co.uk"
397;"Lisandra";"Stueber";"5 Bentinck St";"Churchill Ward";"01831-806301";"lisandra_stueber@hotmail.com"
398;"Sabina";"Prok";"954 Birchdale Rd";"Aspley Ward";"01932-112259";"sabina.prok@prok.co.uk"
399;"Elenore";"Gomoran";"7 Great Orford St";"Callington";"01470-383444";"elenore_gomoran@yahoo.com"
400;"Brynn";"Capra";"488 Mulberry St";"Ravenshead";"01963-124789";"brynn_capra@yahoo.com"
401;"Leeann";"Flory";"1761 Johnstone St";"Church Langley Ward";"01906-807997";"leeann@gmail.com"
402;"Janet";"Steimer";"8899 Mere Lane";"Midlothian West Ward";"01506-627051";"janet_steimer@hotmail.com"
403;"Lewis";"Mellom";"6 St Hilda St";"Central Ward";"01954-643657";"lewis@yahoo.com"
404;"Jestine";"Driscol";"2725 Underley St #6452";"Grangemouth Ward";"01257-928278";"jestine_driscol@driscol.co.uk"
405;"Tatum";"Parks";"6061 Back Nile St";"Rhos-on-Sea Community";"01567-457572";"tparks@parks.co.uk"
406;"Kayleigh";"Bendle";"9735 Linton St #2284";"Kingswells";"01312-772111";"kayleigh.bendle@bendle.co.uk"
407;"Lili";"Imondi";"9 Herbert St";"Blyth";"01600-986258";"lili_imondi@hotmail.com"
408;"Sunshine";"Senechal";"40 Cairo St";"Warwick";"01416-686933";"sunshine.senechal@hotmail.com"
409;"Remona";"Heier";"7199 St Clare Rd";"Inverclyde South Ward";"01718-274321";"remona.heier@heier.co.uk"
410;"Gail";"Carris";"6 Conyers St #3346";"Hamilton South Ward";"01292-196869";"gcarris@hotmail.com"
411;"Dong";"Oropeza";"8657 Cedar St #2";"Kinross-shire Ward";"01573-788734";"doropeza@hotmail.com"
412;"Larue";"Ocacio";"8 Jacob St";"Daybrook Ward";"01577-443040";"larue@yahoo.com"
413;"Goldie";"Sonkens";"6174 Botanic Pl";"Ravensthorpe Ward";"01867-720033";"gsonkens@sonkens.co.uk"
414;"Shelia";"Plues";"9730 Dunnet St";"Silloth-on-Solway";"01818-260618";"shelia@gmail.com"
415;"Narcisa";"Araiza";"8783 High St";"Milton";"01724-644767";"naraiza@hotmail.com"
416;"Evelynn";"Frede";"8 Breckfield Road North";"Seaham";"01289-621482";"evelynn.frede@gmail.com"
417;"Arlean";"Calaf";"82 Waterhouse Lane";"Llantrisant Community";"01448-395723";"acalaf@yahoo.com"
418;"Tamra";"Yu";"2 Park Rd Walton #4338";"Lansdown Ward";"01891-816938";"tamra.yu@hotmail.com"
419;"Dusti";"Maricle";"59 Charles St";"Victoria Ward";"01642-202972";"dusti@gmail.com"
420;"Aracelis";"Donham";"593 Kinglake St";"Fowlmere";"01924-111018";"aracelis.donham@hotmail.com"
421;"Filiberto";"Fredrikson";"404 Aigburth St #4246";"Audley Ward";"01559-323337";"filiberto_fredrikson@gmail.com"
422;"Leana";"Stackpole";"690 Copenhagen Rd";"Warham";"01248-325090";"lstackpole@yahoo.com"
423;"Man";"Homer";"7 Canton St";"Mildmay Ward";"01590-219449";"man.homer@gmail.com"
424;"Lennie";"Asley";"79 Pine St";"Radcliffe West Ward";"01585-487560";"lennie_asley@gmail.com"
425;"Arletta";"Naomi";"9 Lodwick St";"City and Hunslet Ward";"01255-805722";"arletta_naomi@naomi.co.uk"
426;"Chana";"Perera";"9 Ogwen St";"Murdostoun Ward";"01477-796750";"chana.perera@hotmail.com"
427;"Nell";"Pao";"1730 Seymour St";"Eastbrook Ward";"01308-582144";"npao@gmail.com"
428;"Antonio";"Heilig";"35 Elton St #3";"Ipplepen";"01324-171614";"antonio.heilig@gmail.com"
429;"Gerald";"Kernagis";"8 Hinton St #8241";"Stowting";"01504-620944";"gerald_kernagis@kernagis.co.uk"
430;"Sueann";"Mandril";"751 Stamford St";"Werrington";"01886-226100";"smandril@hotmail.com"
431;"Alayna";"Hoyal";"70 Royal St";"Banchory and Mid Deeside Ward";"01964-720542";"alayna_hoyal@hotmail.com"
432;"Talia";"Marthe";"5 Minerva St";"Westbury";"01711-170147";"talia.marthe@gmail.com"
433;"Pansy";"Kopan";"1 Northampton St";"Madeley";"01674-842315";"pansy@kopan.co.uk"
434;"Royce";"Saik";"2 Maple Grove";"Kincorth";"01972-770618";"royce@hotmail.com"
435;"Cherelle";"Sorrel";"794 Hook St";"Benwell and Scotswood Ward";"01753-327307";"cherelle_sorrel@gmail.com"
436;"Dudley";"Dibartolo";"91 Ludlow St";"Woodhouse Ward";"01997-409950";"dudley_dibartolo@yahoo.com"
437;"Nettie";"Aldaco";"51 Freehold St #224";"Wheatley Ward";"01388-974910";"nettie.aldaco@yahoo.com"
438;"Carline";"Bulcao";"7 Hey Green Rd #4";"Rothwell Ward";"01885-707109";"carline@yahoo.com"
439;"Shanda";"Lunger";"2476 Marsh St";"Markhouse Ward";"01329-303595";"slunger@gmail.com"
440;"Emilio";"Withers";"597 Threlfall St #72";"Stokenham";"01523-697097";"emilio_withers@yahoo.com"
441;"Lovetta";"Study";"1 Jervis St";"High Barnet Ward";"01593-438141";"lovetta@study.co.uk"
442;"Felice";"Gone";"7602 Grantham St";"Hexham";"01691-816025";"felice.gone@hotmail.com"
443;"Stefania";"Leadbeater";"10 Carisbrooke St";"Shorne";"01706-546951";"stefania_leadbeater@hotmail.com"
444;"Margarita";"Orloski";"78 Pine Grove";"Stannington Ward";"01215-422453";"margarita_orloski@yahoo.com"
445;"Paul";"Farrin";"7 Varthen St";"Town Ward";"01407-775572";"paul.farrin@farrin.co.uk"
446;"Anglea";"Tritten";"8 Thomaston St";"Astley Bridge Ward";"01818-292728";"anglea_tritten@hotmail.com"
447;"Ona";"Bowhall";"527 Harding St";"Market Rasen";"01467-554624";"ona@yahoo.com"
448;"Germaine";"Hascall";"1616 Menzies St #453";"Tadworth and Walton Ward";"01366-388506";"ghascall@hotmail.com"
449;"Vicky";"Schellenberge";"3922 Leda St";"Moreton Morrell";"01625-805645";"vschellenberge@hotmail.com"
450;"Carolann";"Gross";"6352 Grosvenor St";"Wombourne";"01470-609953";"carolann@gross.co.uk"
451;"Rusty";"Adelsperger";"4313 Princes Park Terrace";"Launceston";"01467-172590";"rusty.adelsperger@yahoo.com"
452;"Cassandra";"Bludworth";"9 Sydney Place";"Henllan Community";"01903-614855";"cbludworth@yahoo.com"
453;"Teresita";"Gesell";"2015 Suburban Rd";"Springfield Ward";"01914-501391";"teresita_gesell@hotmail.com"
454;"Evangelina";"Gius";"769 Euston St";"Glastonbury";"01563-997671";"evangelina.gius@yahoo.com"
455;"Marlon";"Tromblay";"46 Stevenson St";"West End Ward";"01919-394681";"mtromblay@yahoo.com"
456;"Quiana";"Scarsella";"1400 Ash St";"Thorpe Hamlet Ward";"01446-936944";"quiana_scarsella@hotmail.com"
457;"Viki";"Humeniuk";"8822 Trafalgar St";"Yalding";"01721-747819";"vhumeniuk@gmail.com"
458;"Domitila";"Weissmann";"28 Berwick St";"Moordown Ward";"01606-833878";"domitila@gmail.com"
459;"Ivan";"Aronov";"94 Regent St";"Over Kellet";"01478-392232";"ivan@gmail.com"
460;"Anabel";"Baldock";"30 Marine Parade #1";"Staina Ward";"01994-675650";"anabel_baldock@hotmail.com"
461;"Carlton";"Blyler";"8 Pim Hill St";"Portobello";"01437-681317";"carlton@blyler.co.uk"
462;"Rashida";"Vera";"8451 Bengel St";"Brixham";"01286-317691";"rashida@hotmail.com"
463;"Sherron";"Knodel";"159 Carlton St";"Windle Ward";"01481-744296";"sherron@knodel.co.uk"
464;"Cora";"Mossing";"38 Raffles St";"Newmarket";"01285-381062";"cora@yahoo.com"
465;"Altha";"Tischner";"650 Goring St";"Rainham South Ward";"01373-594236";"altha@hotmail.com"
466;"Dortha";"Yaccarino";"6 Chestnut St";"Gwersyllt Community";"01528-240870";"dortha@hotmail.com"
467;"Diego";"Augle";"4 Peover St";"Walcot Ward";"01275-397587";"diego.augle@gmail.com"
468;"Peggy";"Khov";"328 Pallas St";"Longford Ward";"01619-237602";"peggy.khov@gmail.com"
469;"Walton";"Yuki";"9 Waltham Rd";"Yealmpton";"01872-808403";"wyuki@gmail.com"
470;"Vallie";"Yafaie";"352 Strathmore Rd";"Shiphay-with-the-Willows Ward";"01251-120872";"vyafaie@hotmail.com"
471;"Tony";"Diazdeleon";"529 Llanrwst St";"Southam";"01765-102036";"tony@gmail.com"
472;"Val";"Villot";"1980 Tynemouth St";"Almond Ward";"01375-870188";"val@yahoo.com"
473;"Mel";"Picciuto";"8598 Rumney Rd";"Hylands Ward";"01885-270480";"mel.picciuto@gmail.com"
474;"Isabella";"Piatkowski";"9283 Ruth St #81";"Dormers Wells Ward";"01979-186995";"isabella_piatkowski@piatkowski.co.uk"
475;"Erasmo";"Rhea";"5544 Sutherland St";"Mortehoe";"01507-386397";"erasmo_rhea@hotmail.com"
476;"Ivory";"Lohrenz";"9 Jackson St";"Parr Ward";"01876-642683";"ivory@hotmail.com"
477;"Nikita";"Walka";"3612 Bixteth St";"Hucknall North Ward";"01282-123434";"nwalka@hotmail.com"
478;"Aleta";"Ligons";"4545 Victoria Rd";"Kilbirnie and Beith Ward";"01952-535977";"aleta_ligons@hotmail.com"
479;"Owen";"Jentzen";"5 Hampden St";"Liscard Ward";"01467-142439";"owen_jentzen@jentzen.co.uk"
480;"Pauline";"Fling";"6452 Pilgrim St #5";"Seven Sisters Ward";"01990-476494";"pfling@fling.co.uk"
481;"Tijuana";"Machalek";"1149 Highfield Rd #996";"Fareham South Ward";"01242-532395";"tijuana.machalek@gmail.com"
482;"Ahmad";"Alsaqri";"21 Pickwick St";"Sutton cum Duckmanton";"01567-555570";"ahmad.alsaqri@yahoo.com"
483;"Jamika";"Conoly";"19 Soho St";"Whitley Ward";"01726-595316";"jamika_conoly@conoly.co.uk"
484;"Derrick";"Dolloff";"236 Blantyre Rd";"Everton Ward";"01982-734773";"derrick_dolloff@gmail.com"
485;"Jacquelyne";"Reibman";"70 Lilly Rd";"Shirley Ward";"01846-581451";"jacquelyne_reibman@yahoo.com"
486;"Zachary";"Freeburger";"58 Gloucester Rd";"Holbrook";"01888-641397";"zachary.freeburger@freeburger.co.uk"
487;"Sophia";"Gaucher";"88 Upper Harrington St";"North East Ward";"01504-539114";"sophia.gaucher@hotmail.com"
488;"Isabelle";"Kono";"4920 Fazakerley Rd";"Plymstock Dunstone Ward";"01552-682601";"isabelle.kono@yahoo.com"
489;"Ronnie";"Brigman";"6 Morley St";"Batchwood Ward";"01943-754681";"ronnie@brigman.co.uk"
490;"Krystina";"Schlabaugh";"7316 Friar St";"Salvington Ward";"01441-846477";"kschlabaugh@schlabaugh.co.uk"
491;"Rosita";"Ausdemore";"8 Heathfield St #657";"Hailsham";"01273-236188";"rausdemore@hotmail.com"
492;"Huey";"Stancil";"275 Peel Sq";"Park Ward";"01502-139578";"hstancil@hotmail.com"
493;"Elbert";"Fiorino";"726 Westmoreland Place";"Ballochmyle Ward";"01724-467889";"elbert@hotmail.com"
494;"Pura";"Manciel";"7 Water St";"Priory Heath Ward";"01853-412588";"pura.manciel@yahoo.com"
495;"Alesia";"Katie";"4 Covent Garden";"Farnworth Ward";"01333-436799";"alesia_katie@gmail.com"
496;"Avery";"Veit";"9166 Devon St #905";"Knightsbridge and Belgravia Wa";"01748-625058";"avery@veit.co.uk"
497;"Reid";"Euresti";"70 Foster St";"Inverness Ness-Side Ward";"01916-963261";"reuresti@euresti.co.uk"
498;"Charlette";"Brenning";"714 Fonthill Rd";"Darton West Ward";"01888-152110";"cbrenning@brenning.co.uk"
499;"Celestina";"Keeny";"9 Milton St";"Consett North ED";"01877-379681";"celestina_keeny@gmail.com"
500;"Mi";"Richan";"6 Norwood Grove";"Tanworth-in-Arden";"01451-785624";"mi@hotmail.com"
